{
  "configs": [
    {
      "d_model": 128,
      "num_layers": 4,
      "num_heads": 4,
      "name": "Small"
    },
    {
      "d_model": 256,
      "num_layers": 6,
      "num_heads": 8,
      "name": "Medium"
    },
    {
      "d_model": 384,
      "num_layers": 8,
      "num_heads": 8,
      "name": "Large"
    }
  ],
  "models": {
    "Small": {
      "params": 2149140,
      "config": {
        "d_model": 128,
        "num_layers": 4,
        "num_heads": 4,
        "name": "Small"
      },
      "final_loss": 9.227540073394776,
      "avg_step_time_ms": 19.279966354370117,
      "losses": [
        9.236903190612793,
        9.241416931152344,
        9.245265007019043,
        9.233246803283691,
        9.23812484741211,
        9.238039016723633,
        9.244540214538574,
        9.250448226928711,
        9.249466896057129,
        9.249073028564453,
        9.252923965454102,
        9.255890846252441,
        9.23963451385498,
        9.238737106323242,
        9.24778938293457,
        9.241416931152344,
        9.249566078186035,
        9.244702339172363,
        9.243165969848633,
        9.243990898132324,
        9.252583503723145,
        9.257532119750977,
        9.237397193908691,
        9.247956275939941,
        9.240559577941895,
        9.250475883483887,
        9.245768547058105,
        9.239995002746582,
        9.239930152893066,
        9.241348266601562,
        9.24877643585205,
        9.241193771362305,
        9.241020202636719,
        9.242074012756348,
        9.24266529083252,
        9.24572467803955,
        9.24349594116211,
        9.243571281433105,
        9.243331909179688,
        9.247552871704102,
        9.248279571533203,
        9.237336158752441,
        9.243999481201172,
        9.244062423706055,
        9.236416816711426,
        9.255973815917969,
        9.239204406738281,
        9.239310264587402,
        9.24655532836914,
        9.249375343322754,
        9.234841346740723,
        9.238369941711426,
        9.234525680541992,
        9.241395950317383,
        9.244614601135254,
        9.242944717407227,
        9.245147705078125,
        9.240724563598633,
        9.240832328796387,
        9.246169090270996,
        9.244623184204102,
        9.254867553710938,
        9.252131462097168,
        9.2410249710083,
        9.243270874023438,
        9.24190902709961,
        9.24708366394043,
        9.233877182006836,
        9.238003730773926,
        9.244405746459961,
        9.240592002868652,
        9.248313903808594,
        9.24122428894043,
        9.246118545532227,
        9.24328899383545,
        9.243696212768555,
        9.242348670959473,
        9.229498863220215,
        9.240026473999023,
        9.232038497924805,
        9.249852180480957,
        9.235623359680176,
        9.243631362915039,
        9.23729419708252,
        9.24709701538086,
        9.245803833007812,
        9.236952781677246,
        9.239699363708496,
        9.24709701538086,
        9.234857559204102,
        9.251937866210938,
        9.237948417663574,
        9.244115829467773,
        9.227334976196289,
        9.22736644744873,
        9.234505653381348,
        9.234844207763672,
        9.232680320739746,
        9.240035057067871,
        9.232658386230469,
        9.237850189208984,
        9.237783432006836,
        9.227473258972168,
        9.23485279083252,
        9.234601974487305,
        9.244345664978027,
        9.236831665039062,
        9.233697891235352,
        9.23863697052002,
        9.236328125,
        9.231937408447266,
        9.244183540344238,
        9.24107551574707,
        9.231666564941406,
        9.233837127685547,
        9.232558250427246,
        9.241701126098633,
        9.228110313415527,
        9.230585098266602,
        9.227444648742676,
        9.230595588684082,
        9.237784385681152,
        9.241541862487793,
        9.240376472473145,
        9.24453067779541,
        9.228007316589355,
        9.234159469604492,
        9.229812622070312,
        9.237667083740234,
        9.23050594329834,
        9.22895622253418,
        9.228175163269043,
        9.233811378479004,
        9.230416297912598,
        9.228198051452637,
        9.233559608459473,
        9.243298530578613,
        9.241072654724121,
        9.236669540405273,
        9.239563941955566,
        9.233489036560059,
        9.237298965454102,
        9.232793807983398,
        9.229897499084473,
        9.224233627319336,
        9.230475425720215,
        9.225336074829102,
        9.234684944152832,
        9.225513458251953,
        9.232162475585938,
        9.228487968444824,
        9.225744247436523,
        9.233142852783203,
        9.23021125793457,
        9.231471061706543,
        9.228204727172852,
        9.22781753540039,
        9.22889518737793,
        9.223812103271484,
        9.217737197875977,
        9.225659370422363,
        9.232333183288574,
        9.233102798461914,
        9.224468231201172,
        9.227397918701172,
        9.225897789001465,
        9.2269926071167,
        9.227317810058594,
        9.224357604980469,
        9.222862243652344,
        9.231882095336914,
        9.223413467407227,
        9.225820541381836,
        9.224116325378418,
        9.232585906982422,
        9.225884437561035,
        9.222163200378418,
        9.224533081054688,
        9.220706939697266,
        9.230366706848145,
        9.22936725616455,
        9.231578826904297,
        9.228955268859863,
        9.224361419677734,
        9.230586051940918,
        9.232339859008789,
        9.235682487487793,
        9.222474098205566,
        9.235645294189453,
        9.235756874084473,
        9.227813720703125,
        9.228824615478516,
        9.225579261779785,
        9.223759651184082,
        9.22423267364502,
        9.228099822998047,
        9.229338645935059,
        9.226581573486328,
        9.227511405944824,
        9.221128463745117
      ]
    },
    "Medium": {
      "params": 7440534,
      "config": {
        "d_model": 256,
        "num_layers": 6,
        "num_heads": 8,
        "name": "Medium"
      },
      "final_loss": 9.241279067993164,
      "avg_step_time_ms": 30.593427419662476,