{
  "config": {
    "d_model": 256,
    "num_heads": 4,
    "num_layers": 4,
    "vocab_size": 10000,
    "seq_len": 128,
    "batch_size": 32,
    "num_epochs": 3,
    "lr": 0.001
  },
  "models": {
    "standard": {
      "train_losses": [
        5.868902190400678,
        5.3284350694875,
        5.116541546795208
      ],
      "val_losses": [
        5.582351803779602,
        5.340788419430073,
        5.2645819920759935
      ],
      "val_perplexities": [
        265.69573581859373,
        208.67717058463248,
        193.36546359562135
      ],
      "epoch_times": [
        25.506525993347168,
        25.258140325546265,
        25.84218192100525
      ],
      "final_val_loss": 5.2645819920759935,
      "final_val_ppl": 193.36546359562135,
      "best_val_loss": 5.2645819920759935,
      "params": 5860624
    },
    "fox_parallel": {
      "train_losses": [
        5.825747210988886,
        5.217830860567658,
        4.993106846752846
      ],
      "val_losses": [
        5.490163133694575,
        5.224763952768766,
        5.160171307050264
      ],
      "val_perplexities": [
        242.29673039486897,
        185.81730368878397,
        174.19429375993155
      ],
      "epoch_times": [
        28.325194120407104,
        27.473791122436523,
        28.262779235839844
      ],
      "final_val_loss": 5.160171307050264,
      "final_val_ppl": 174.19429375993155,
      "best_val_loss": 5.160171307050264,
      "params": 5861140
    },
    "fox_recurrent": {
      "train_losses": [
        6.631757706050345,
        6.261558983165756,
        6.079761266708374
      ],
      "val_losses": [
        6.470450135377737,
        6.1991044741410475,
        6.165317040223342
      ],
      "val_perplexities": [
        645.7743474306917,
        492.3079691101435,
        475.952014950978
      ],
      "epoch_times": [
        271.1272840499878,
        259.94256615638733,
        259.7278051376343
      ],
      "final_val_loss": 6.165317040223342,
      "final_val_ppl": 475.952014950978,
      "best_val_loss": 6.165317040223342,
      "params": 7828756
    }
  }
}